id,lastName,firstName,email,gender,plusOne,groomParty,brideParty,note,
1,Tummond,Isidoro,itummond0@tiny.cc,Male,false,false,true,"Suspendisse potenti. Cras in purus eu magna vulputate luctus. Cum sociis natoque penatibus et magnis dis parturient montes, nascetur ridiculus mus. Vivamus vestibulum sagittis sapien.",
2,Niesing,Agustin,aniesing1@youtube.com,Male,true,true,false,"Cum sociis natoque penatibus et magnis dis parturient montes, nascetur ridiculus mus. Etiam vel augue. Vestibulum rutrum rutrum neque. Aenean auctor gravida sem. Praesent id massa id nisl venenatis lacinia. Aenean sit amet justo. Morbi ut odio. Cras mi pede, malesuada in, imperdiet et, commodo vulputate, justo. In blandit ultrices enim. Lorem ipsum dolor sit amet, consectetuer adipiscing elit.",
3,Bertholin,Muffin,mbertholin2@opera.com,Male,true,false,false,Aenean auctor gravida sem. Praesent id massa id nisl venenatis lacinia. Aenean sit amet justo. Morbi ut odio.,
4,Hackey,Shea,shackey3@infoseek.co.jp,Polygender,true,true,false,"Cras non velit nec nisi vulputate nonummy. Maecenas tincidunt lacus at velit. Vivamus vel nulla eget eros elementum pellentesque. Quisque porta volutpat erat. Quisque erat eros, viverra eget, congue eget, semper rutrum, nulla.",
5,Marquiss,Avis,amarquiss4@canalblog.com,Female,true,false,true,"In tempor, turpis nec euismod scelerisque, quam turpis adipiscing lorem, vitae mattis nibh ligula nec sem. Duis aliquam convallis nunc. Proin at turpis a pede posuere nonummy. Integer non velit. Donec diam neque, vestibulum eget, vulputate ut, ultrices vel, augue. Vestibulum ante ipsum primis in faucibus orci luctus et ultrices posuere cubilia Curae; Donec pharetra, magna vestibulum aliquet ultrices, erat tortor sollicitudin mi, sit amet lobortis sapien sapien non mi. Integer ac neque. Duis bibendum.",
6,Coddrington,Georgette,gcoddrington5@tuttocitta.it,Non-binary,false,true,false,"Duis ac nibh. Fusce lacus purus, aliquet at, feugiat non, pretium quis, lectus.",
7,Aslott,Minni,maslott6@seattletimes.com,Female,false,true,true,"Quisque erat eros, viverra eget, congue eget, semper rutrum, nulla. Nunc purus. Phasellus in felis. Donec semper sapien a libero. Nam dui. Proin leo odio, porttitor id, consequat in, consequat ut, nulla. Sed accumsan felis.",
8,Benardette,Lothaire,lbenardette7@lycos.com,Male,true,false,false,"Proin at turpis a pede posuere nonummy. Integer non velit. Donec diam neque, vestibulum eget, vulputate ut, ultrices vel, augue. Vestibulum ante ipsum primis in faucibus orci luctus et ultrices posuere cubilia Curae; Donec pharetra, magna vestibulum aliquet ultrices, erat tortor sollicitudin mi, sit amet lobortis sapien sapien non mi. Integer ac neque. Duis bibendum. Morbi non quam nec dui luctus rutrum.",
9,Copcutt,Maureene,mcopcutt8@networksolutions.com,Female,true,false,true,In eleifend quam a odio. In hac habitasse platea dictumst. Maecenas ut massa quis augue luctus tincidunt. Nulla mollis molestie lorem. Quisque ut erat. Curabitur gravida nisi at nibh. In hac habitasse platea dictumst.,
10,Rippin,Fabian,frippin9@arizona.edu,Male,false,false,true,"Nulla ac enim. In tempor, turpis nec euismod scelerisque, quam turpis adipiscing lorem, vitae mattis nibh ligula nec sem. Duis aliquam convallis nunc. Proin at turpis a pede posuere nonummy. Integer non velit. Donec diam neque, vestibulum eget, vulputate ut, ultrices vel, augue. Vestibulum ante ipsum primis in faucibus orci luctus et ultrices posuere cubilia Curae; Donec pharetra, magna vestibulum aliquet ultrices, erat tortor sollicitudin mi, sit amet lobortis sapien sapien non mi. Integer ac neque. Duis bibendum. Morbi non quam nec dui luctus rutrum.",
11,De Andreis,Mellisent,mdeandreisa@forbes.com,Female,false,true,false,"Nulla ut erat id mauris vulputate elementum. Nullam varius. Nulla facilisi. Cras non velit nec nisi vulputate nonummy. Maecenas tincidunt lacus at velit. Vivamus vel nulla eget eros elementum pellentesque. Quisque porta volutpat erat. Quisque erat eros, viverra eget, congue eget, semper rutrum, nulla. Nunc purus. Phasellus in felis.",
12,Chamberlayne,Rosalinde,rchamberlayneb@apple.com,Female,true,false,true,"Suspendisse ornare consequat lectus. In est risus, auctor sed, tristique in, tempus sit amet, sem. Fusce consequat. Nulla nisl. Nunc nisl. Duis bibendum, felis sed interdum venenatis, turpis enim blandit mi, in porttitor pede justo eu massa. Donec dapibus. Duis at velit eu est congue elementum. In hac habitasse platea dictumst.",
13,Mabey,Sheilah,smabeyc@google.it,Female,true,false,true,"Sed accumsan felis. Ut at dolor quis odio consequat varius. Integer ac leo. Pellentesque ultrices mattis odio. Donec vitae nisi. Nam ultrices, libero non mattis pulvinar, nulla pede ullamcorper augue, a suscipit nulla elit ac nulla. Sed vel enim sit amet nunc viverra dapibus. Nulla suscipit ligula in lacus.",
14,Kimbling,Galvan,gkimblingd@mac.com,Male,true,true,false,"Pellentesque ultrices mattis odio. Donec vitae nisi. Nam ultrices, libero non mattis pulvinar, nulla pede ullamcorper augue, a suscipit nulla elit ac nulla. Sed vel enim sit amet nunc viverra dapibus. Nulla suscipit ligula in lacus. Curabitur at ipsum ac tellus semper interdum.",
15,Impy,Marijo,mimpye@homestead.com,Female,false,true,true,"Quisque ut erat. Curabitur gravida nisi at nibh. In hac habitasse platea dictumst. Aliquam augue quam, sollicitudin vitae, consectetuer eget, rutrum at, lorem. Integer tincidunt ante vel ipsum.",
16,Jewster,Wyatan,wjewsterf@princeton.edu,Male,false,true,false,,
17,Fluit,Oralla,ofluitg@github.com,Female,false,false,true,,
18,Pendred,Margie,mpendredh@washington.edu,Female,true,true,true,,
19,Ayres,Antonina,aayresi@howstuffworks.com,Female,false,false,false,,
20,Rockhall,Dorita,drockhallj@smh.com.au,Genderqueer,true,false,false,,
21,Hudspith,Blondy,bhudspithk@nytimes.com,Female,true,true,true,,
22,Romand,Kevyn,kromandl@deliciousdays.com,Female,true,true,true,,
23,Braddick,Betsy,bbraddickm@yahoo.co.jp,Female,false,false,false,,
24,Scarratt,Anatole,ascarrattn@imgur.com,Male,false,false,false,,
25,Parnaby,Karena,kparnabyo@globo.com,Female,false,false,false,,
26,Wharf,Dunc,dwharfp@yolasite.com,Male,false,true,false,,
27,Aistrop,Nancie,naistropq@psu.edu,Female,false,true,false,,
28,Theurer,Flossie,ftheurerr@mac.com,Female,false,false,false,,
29,Nund,Billye,bnunds@desdev.cn,Female,true,true,false,, Duis faucibus accumsan odio. Curabitur convallis. Duis consequat dui nec nisi volutpat eleifend.
30,Gounet,Jana,jgounett@google.fr,Female,false,false,false,,
31,Reijmers,Anatol,areijmersu@globo.com,Male,false,true,true,,
32,Piatto,Alli,apiattov@discuz.net,Polygender,true,false,true,,
33,Glaserman,Dov,dglasermanw@google.ca,Male,true,true,true,,
34,Corser,Edmund,ecorserx@woothemes.com,Genderqueer,false,true,true,,
35,Pegrum,Codie,cpegrumy@tmall.com,Male,false,false,true,,
36,Cracoe,Gwynne,gcracoez@answers.com,Female,true,false,false,,
37,Studders,Cad,cstudders10@people.com.cn,Male,false,false,true,,
38,Madrell,Tully,tmadrell11@home.pl,Male,true,true,true,,
39,Stouther,Wenonah,wstouther12@pen.io,Female,true,true,true,,
40,Krzysztof,Urban,ukrzysztof13@latimes.com,Bigender,true,false,true,,
41,Mahoney,Bibby,bmahoney14@businessweek.com,Female,true,true,false,,
42,Milch,Vivia,vmilch15@washington.edu,Female,true,true,false,,
43,Passey,Dierdre,dpassey16@photobucket.com,Female,false,true,false,,
44,Hazley,Barry,bhazley17@meetup.com,Female,false,true,true,,
45,Ghiotto,Nevins,nghiotto18@mit.edu,Male,true,false,false,,
46,Thirwell,Cecil,cthirwell19@businesswire.com,Female,true,false,false,,
47,Unsworth,Kesley,kunsworth1a@wikipedia.org,Female,false,false,false,,
48,Ridout,Christin,cridout1b@e-recht24.de,Female,true,true,true,,
49,Demeter,Tootsie,tdemeter1c@pen.io,Female,true,true,false,,
50,Curbishley,Sasha,scurbishley1d@homestead.com,Male,true,false,false,,
51,Evreux,Alyss,aevreux1e@cnn.com,Genderfluid,false,true,false,,
52,Passey,Jamima,jpassey1f@shinystat.com,Female,true,true,true,,
53,Peaden,Davide,dpeaden1g@hud.gov,Male,true,true,false,,
54,Tripcony,Rori,rtripcony1h@harvard.edu,Female,true,true,true,,
55,Yepiskopov,Parker,pyepiskopov1i@imdb.com,Male,false,false,true,,
56,Roch,Ron,rroch1j@reddit.com,Male,true,false,true,,
57,Dymick,Malvina,mdymick1k@globo.com,Female,false,false,true,,
58,Scargill,Phineas,pscargill1l@w3.org,Male,true,false,false,,
59,Duckworth,Issy,iduckworth1m@netlog.com,Female,true,false,true,,
60,Lis,Waylan,wlis1n@skyrock.com,Male,false,true,false,,
61,Phittiplace,Ashton,aphittiplace1o@free.fr,Male,true,false,false,,
62,McMyler,Joachim,jmcmyler1p@bing.com,Male,false,true,true,,
63,Molesworth,Darrick,dmolesworth1q@dell.com,Male,false,true,false,,
64,Glasman,Klarrisa,kglasman1r@xinhuanet.com,Female,true,false,false,,
65,Dicte,Alanson,adicte1s@wikipedia.org,Male,false,true,false,,
66,De la Yglesia,Tallulah,tdelayglesia1t@prlog.org,Female,false,false,true,,
67,Carnier,Davy,dcarnier1u@miibeian.gov.cn,Male,false,false,false,,
68,Rangell,Cort,crangell1v@example.com,Male,true,true,true,,
69,Kohn,Shurlock,skohn1w@sina.com.cn,Male,true,false,false,,
70,Giuroni,Melodee,mgiuroni1x@cafepress.com,Female,false,false,false,,
71,Riddick,Patten,priddick1y@forbes.com,Male,false,false,false,,
72,Laverty,Bourke,blaverty1z@upenn.edu,Polygender,true,true,true,,
73,Hobbema,Locke,lhobbema20@state.tx.us,Male,false,true,true,,
74,Lalor,Boyce,blalor21@cyberchimps.com,Male,false,true,true,,
75,Ribbon,Dori,dribbon22@army.mil,Female,false,false,true,,
76,Garlick,Thibaud,tgarlick23@ibm.com,Male,false,true,false,,
77,Godfroy,Gabriel,ggodfroy24@deviantart.com,Male,false,true,false,,
78,Crispin,Demetris,dcrispin25@google.com.au,Non-binary,false,true,false,,
79,Dechelette,Libbie,ldechelette26@forbes.com,Female,false,false,true,,
80,Renzini,Hartley,hrenzini27@unblog.fr,Male,true,false,true,,
81,Marsh,Denna,dmarsh28@dell.com,Female,false,true,false,,
82,Twaits,Annice,atwaits29@artisteer.com,Female,false,true,false,,
83,Plunket,Findley,fplunket2a@epa.gov,Male,false,false,true,,
84,Songist,Mirabella,msongist2b@cornell.edu,Female,true,true,false,,
85,Fearnall,Irene,ifearnall2c@hp.com,Non-binary,true,false,false,,
86,Rignold,Raquel,rrignold2d@wunderground.com,Female,true,false,false,,
87,De Angelo,Horace,hdeangelo2e@istockphoto.com,Male,true,true,true,,
88,Redmille,Hannah,hredmille2f@icio.us,Female,false,false,false,,
89,McGregor,Dorothee,dmcgregor2g@alexa.com,Female,false,false,true,,
90,Renals,Harlan,hrenals2h@tripadvisor.com,Male,false,false,false,,
91,Sizeland,Lonee,lsizeland2i@independent.co.uk,Female,true,true,true,,
92,Foakes,Mimi,mfoakes2j@amazonaws.com,Female,true,true,false,,
93,Reeveley,Burtie,breeveley2k@smugmug.com,Male,false,false,true,"Donec odio justo, sollicitudin ut, suscipit a, feugiat et, eros. Vestibulum ac est lacinia nisi venenatis tristique. Fusce congue, diam id ornare imperdiet, sapien urna pretium nisl, ut volutpat sapien arcu sed augue. Aliquam erat volutpat. In congue. Etiam justo. Etiam pretium iaculis justo. In hac habitasse platea dictumst. Etiam faucibus cursus urna.",
94,Murrill,Aldous,amurrill2l@nih.gov,Genderqueer,true,false,false,"Praesent blandit lacinia erat. Vestibulum sed magna at nunc commodo placerat. Praesent blandit. Nam nulla. Integer pede justo, lacinia eget, tincidunt eget, tempus vel, pede. Morbi porttitor lorem id ligula. Suspendisse ornare consequat lectus. In est risus, auctor sed, tristique in, tempus sit amet, sem. Fusce consequat.",
95,Castleman,Camala,ccastleman2m@ameblo.jp,Female,false,false,false,"Nullam orci pede, venenatis non, sodales sed, tincidunt eu, felis. Fusce posuere felis sed lacus. Morbi sem mauris, laoreet ut, rhoncus aliquet, pulvinar sed, nisl. Nunc rhoncus dui vel sem. Sed sagittis. Nam congue, risus semper porta volutpat, quam pede lobortis ligula, sit amet eleifend pede libero quis orci. Nullam molestie nibh in lectus. Pellentesque at nulla. Suspendisse potenti.",
96,Chamley,Chucho,cchamley2n@artisteer.com,Male,false,false,false,Suspendisse potenti. In eleifend quam a odio. In hac habitasse platea dictumst. Maecenas ut massa quis augue luctus tincidunt. Nulla mollis molestie lorem. Quisque ut erat.,
97,Chanter,Reggi,rchanter2o@surveymonkey.com,Female,true,true,true,"Integer non velit. Donec diam neque, vestibulum eget, vulputate ut, ultrices vel, augue. Vestibulum ante ipsum primis in faucibus orci luctus et ultrices posuere cubilia Curae; Donec pharetra, magna vestibulum aliquet ultrices, erat tortor sollicitudin mi, sit amet lobortis sapien sapien non mi.",
98,McQuaker,Cheryl,cmcquaker2p@t-online.de,Female,false,false,true,"Donec vitae nisi. Nam ultrices, libero non mattis pulvinar, nulla pede ullamcorper augue, a suscipit nulla elit ac nulla. Sed vel enim sit amet nunc viverra dapibus. Nulla suscipit ligula in lacus. Curabitur at ipsum ac tellus semper interdum. Mauris ullamcorper purus sit amet nulla.",
99,Shitliffe,Sukey,sshitliffe2q@instagram.com,Female,false,false,false,,
100,Wyne,Christiana,cwyne2r@macromedia.com,Female,true,true,false,"Lorem ipsum dolor sit amet, consectetuer adipiscing elit. Proin interdum mauris non ligula pellentesque ultrices. Phasellus id sapien in sapien iaculis congue. Vivamus metus arcu, adipiscing molestie, hendrerit at, vulputate vitae, nisl. Aenean lectus. Pellentesque eget nunc. Donec quis orci eget orci vehicula condimentum. Curabitur in libero ut massa volutpat convallis. Morbi odio odio, elementum eu, interdum eu, tincidunt in, leo. Maecenas pulvinar lobortis est.",
101,Powelee,Dominick,dpowelee2s@icio.us,Male,false,true,false,"Phasellus in felis. Donec semper sapien a libero. Nam dui. Proin leo odio, porttitor id, consequat in, consequat ut, nulla. Sed accumsan felis.",
102,Harrald,Osmond,oharrald2t@zimbio.com,Male,false,false,false,"Aenean lectus. Pellentesque eget nunc. Donec quis orci eget orci vehicula condimentum. Curabitur in libero ut massa volutpat convallis. Morbi odio odio, elementum eu, interdum eu, tincidunt in, leo. Maecenas pulvinar lobortis est. Phasellus sit amet erat.",
103,Wonham,Merry,mwonham2u@google.co.uk,Male,false,false,true,"Sed accumsan felis. Ut at dolor quis odio consequat varius. Integer ac leo. Pellentesque ultrices mattis odio. Donec vitae nisi. Nam ultrices, libero non mattis pulvinar, nulla pede ullamcorper augue, a suscipit nulla elit ac nulla. Sed vel enim sit amet nunc viverra dapibus. Nulla suscipit ligula in lacus. Curabitur at ipsum ac tellus semper interdum.",
104,Matskiv,Bram,bmatskiv2v@hexun.com,Male,true,true,true,,
105,Groll,Waiter,wgroll2w@reference.com,Male,false,false,false,"Quisque erat eros, viverra eget, congue eget, semper rutrum, nulla. Nunc purus. Phasellus in felis. Donec semper sapien a libero.",
106,Championnet,Lainey,lchampionnet2x@dedecms.com,Female,true,true,true,"Integer pede justo, lacinia eget, tincidunt eget, tempus vel, pede.",
107,Alenichicov,Danyette,dalenichicov2y@addthis.com,Female,false,false,true,"Vestibulum ante ipsum primis in faucibus orci luctus et ultrices posuere cubilia Curae; Nulla dapibus dolor vel est. Donec odio justo, sollicitudin ut, suscipit a, feugiat et, eros. Vestibulum ac est lacinia nisi venenatis tristique.",
108,Goulstone,Lucienne,lgoulstone2z@godaddy.com,Female,false,false,false,Morbi non quam nec dui luctus rutrum. Nulla tellus. In sagittis dui vel nisl. Duis ac nibh.,
109,Oylett,Amandi,aoylett30@businesswire.com,Female,false,false,true,"In hac habitasse platea dictumst. Morbi vestibulum, velit id pretium iaculis, diam erat fermentum justo, nec condimentum neque sapien placerat ante. Nulla justo. Aliquam quis turpis eget elit sodales scelerisque. Mauris sit amet eros. Suspendisse accumsan tortor quis turpis. Sed ante.",
110,Manginot,Paulie,pmanginot31@nhs.uk,Male,false,true,true,,
111,Opdenort,Forbes,fopdenort32@kickstarter.com,Male,false,true,true,"Duis ac nibh. Fusce lacus purus, aliquet at, feugiat non, pretium quis, lectus. Suspendisse potenti. In eleifend quam a odio. In hac habitasse platea dictumst.",
112,Walburn,Bendite,bwalburn33@ftc.gov,Female,false,true,false,"Aliquam non mauris. Morbi non lectus. Aliquam sit amet diam in magna bibendum imperdiet. Nullam orci pede, venenatis non, sodales sed, tincidunt eu, felis. Fusce posuere felis sed lacus. Morbi sem mauris, laoreet ut, rhoncus aliquet, pulvinar sed, nisl. Nunc rhoncus dui vel sem. Sed sagittis. Nam congue, risus semper porta volutpat, quam pede lobortis ligula, sit amet eleifend pede libero quis orci. Nullam molestie nibh in lectus.",
113,Leghorn,Findley,fleghorn34@fema.gov,Male,true,false,true,Etiam vel augue. Vestibulum rutrum rutrum neque. Aenean auctor gravida sem. Praesent id massa id nisl venenatis lacinia. Aenean sit amet justo. Morbi ut odio.,
114,Spleving,Giffy,gspleving35@vimeo.com,Male,false,true,false,,
115,Swetman,Orv,oswetman36@craigslist.org,Male,false,true,false,,
116,Schistl,Rutherford,rschistl37@people.com.cn,Male,false,true,false,,
117,Marton,Abigael,amarton38@webeden.co.uk,Female,false,true,true,,
118,Salkild,Herschel,hsalkild39@squarespace.com,Male,false,false,false,,
119,Vaughan,Tonie,tvaughan3a@shop-pro.jp,Female,false,true,true,,
120,Peart,Nelie,npeart3b@statcounter.com,Female,true,false,false,,
121,Colleton,Adelheid,acolleton3c@unc.edu,Female,false,false,true,,
122,Dhennin,Hank,hdhennin3d@berkeley.edu,Male,true,true,false,,
123,Blogg,Durante,dblogg3e@dailymail.co.uk,Male,true,true,false,,
124,McComish,Greer,gmccomish3f@w3.org,Female,false,true,true,,
125,Ashard,Quinn,qashard3g@furl.net,Male,true,false,true,,
126,MacAulay,Viviene,vmacaulay3h@google.ca,Female,true,false,true,,
127,Tanguy,Cozmo,ctanguy3i@discuz.net,Genderqueer,true,true,false,"Maecenas tristique, est et tempus semper, est quam pharetra magna, ac consequat metus sapien ut nunc. Vestibulum ante ipsum primis in faucibus orci luctus et ultrices posuere cubilia Curae; Mauris viverra diam vitae quam. Suspendisse potenti. Nullam porttitor lacus at turpis. Donec posuere metus vitae ipsum.",
128,Masterson,Redd,rmasterson3j@123-reg.co.uk,Male,true,true,true,"In blandit ultrices enim. Lorem ipsum dolor sit amet, consectetuer adipiscing elit. Proin interdum mauris non ligula pellentesque ultrices. Phasellus id sapien in sapien iaculis congue. Vivamus metus arcu, adipiscing molestie, hendrerit at, vulputate vitae, nisl.",
129,Rangeley,Skippy,srangeley3k@sourceforge.net,Male,false,true,false,"Nulla ac enim. In tempor, turpis nec euismod scelerisque, quam turpis adipiscing lorem, vitae mattis nibh ligula nec sem. Duis aliquam convallis nunc. Proin at turpis a pede posuere nonummy. Integer non velit. Donec diam neque, vestibulum eget, vulputate ut, ultrices vel, augue. Vestibulum ante ipsum primis in faucibus orci luctus et ultrices posuere cubilia Curae; Donec pharetra, magna vestibulum aliquet ultrices, erat tortor sollicitudin mi, sit amet lobortis sapien sapien non mi. Integer ac neque. Duis bibendum. Morbi non quam nec dui luctus rutrum.",
130,Pluck,Ysabel,ypluck3l@ca.gov,Female,false,true,true,"Morbi sem mauris, laoreet ut, rhoncus aliquet, pulvinar sed, nisl. Nunc rhoncus dui vel sem. Sed sagittis. Nam congue, risus semper porta volutpat, quam pede lobortis ligula, sit amet eleifend pede libero quis orci. Nullam molestie nibh in lectus. Pellentesque at nulla. Suspendisse potenti. Cras in purus eu magna vulputate luctus.",
